,X,idx,beta,pval,cilb,ciub,i2,tau2,symbol.x,TE.fixed,lower.fixed,upper.fixed,pval.fixed,TE.random,lower.random,upper.random,pval.random,symbol.y
1,ENSG00000007908.14,18012,-1.78343206000485,4.17639529465672e-07,-2.47413437932764,-1.09272974068206,95.0429335441529,2.49959774673231,SELE,0.987583588897304,0.968954885567989,1.00657043953864,0.198467765896601,0.988863053520121,0.96123608721323,1.01728404876275,0.438543558616448,SELE
2,ENSG00000007968.6,12561,2.10243026963393,2.68382991597028e-08,1.36141969619301,2.84344084307486,98.3669376425831,3.04642493589613,E2F2,1.04980115885193,1.01130199007463,1.0897659491855,0.0107870028879993,1.05532259588622,0.962135087262991,1.15753577239993,0.253621217759827,E2F2
3,ENSG00000013297.9,5923,-1.72863805383622,6.26389463873207e-13,-2.19955554745089,-1.25772056022154,96.6752137042283,1.12244072703553,CLDN11,1.04837646376966,1.0243197057375,1.07299820908439,6.64341500829381e-05,1.05828906562511,1.00717435079943,1.1119978835171,0.0248972922726387,CLDN11
4,ENSG00000015475.17,22028,0.676853639130981,1.96077591764528e-09,0.455789890139179,0.897917388122783,97.5027039857577,0.268727823389878,BID,1.03220771286425,0.972574435277952,1.09549739726806,0.296456340571161,0.998695772457549,0.881933151786951,1.13091705862705,0.983586373100922,BID
5,ENSG00000018236.13,23084,-2.84456934635539,9.73125019036735e-07,-3.98307400158147,-1.70606469112932,99.1771567512296,7.45299504190222,CNTN1,1.00983586131061,0.995979143915385,1.02388536247862,0.165003245420366,1.01257491158618,0.994453809991618,1.03102621888733,0.174995732642435,CNTN1
6,ENSG00000033050.6,1140,0.387029494756251,6.99528572446292e-11,0.270698871440219,0.503360118072282,97.2211077670055,0.0745877081811616,ABCF2,1.16439172929102,1.0603109548258,1.27868913649401,0.00144371887950459,1.18409770081286,1.04313985422813,1.34410295933692,0.00897305632863363,ABCF2
7,ENSG00000055208.16,11812,-0.361880334469277,8.77093077811838e-06,-0.521430639326619,-0.202330029611935,97.8474121868865,0.143465934558648,TAB2,1.10601643296612,1.01925073510775,1.20016822932365,0.0156312869818609,1.11984178821818,0.981753637230081,1.27735267085727,0.0918517416010251,TAB2
8,ENSG00000064547.12,1621,0.941544641379923,1.95519398545264e-06,0.55369404317932,1.32939523958053,98.1225965470855,0.805203790816538,LPAR2,1.03068463684391,0.980312576519817,1.083644998616,0.237126785803097,0.993747929459247,0.8947855745519,1.10365541800234,0.906716063117181,LPAR2
9,ENSG00000076928.16,30397,0.378700452992182,1.75580610722369e-05,0.205840487022577,0.551560418961788,95.6529618715966,0.151581076623126,ARHGEF1,0.986351291138755,0.919307179595386,1.05828485964755,0.701983295197394,0.947530601915032,0.818275141322543,1.0972033686791,0.471362633056221,ARHGEF1
10,ENSG00000077943.7,24796,-1.76993177515111,3.46122697600902e-10,-2.32262254603856,-1.21724100426366,98.4004204131098,1.67979879217392,ITGA8,0.964766149577575,0.938453238932617,0.991816837277249,0.0110108299718232,0.954826964333138,0.899227308619335,1.01386437342238,0.13100835915528,ITGA8
11,ENSG00000079337.14,18264,-0.845256727330257,6.76372573912119e-05,-1.26104151794944,-0.429471936711075,98.5913688848497,0.941095204380347,RAPGEF3,0.94952615946088,0.913589925164178,0.986875952401187,0.00851111608801477,0.939832225550673,0.878427961376635,1.00552879805794,0.0718560510563915,RAPGEF3
12,ENSG00000086232.11,7453,0.491263985538808,5.62540045836021e-10,0.335978659283905,0.646549311793712,98.5654636462624,0.134091292893313,EIF2AK1,1.21362386200923,1.09880305636781,1.34044301196881,0.000134528808277627,1.21389914415729,1.09820498590088,1.34178149899494,0.00014880464932939,EIF2AK1
13,ENSG00000087088.18,10414,0.767701466351636,3.32907873859304e-15,0.576703140579247,0.958699792124024,96.0128844963149,0.19427348189014,BAX,0.996411478588668,0.929383291582396,1.06827381517998,0.919408232336284,0.994580170676391,0.919809921286504,1.07542840429372,0.891592050483129,BAX
14,ENSG00000100485.10,19012,-0.39073462795521,1.46460008415335e-06,-0.549751409462335,-0.231717846448084,97.1684999959553,0.138667519883325,SOS2,0.917568382764815,0.847106400199239,0.993891365773668,0.0348352677630645,0.921325144020325,0.804816796558555,1.05469968399487,0.234867578664395,SOS2
15,ENSG00000100985.7,29359,2.21757723989064,4.37634254056287e-12,1.58989363470814,2.84526084507314,95.0034762304763,2.1281294818003,MMP9,1.0354370263663,1.01378439395679,1.05755212051131,0.00123947847288169,1.0270489697439,0.996698908557975,1.05832320793662,0.0811743902300925,MMP9
16,ENSG00000101335.8,5867,-1.51181853950005,3.00941759628908e-05,-2.22192772271683,-0.801709356283267,99.2399138658063,2.74007494254537,MYL9,1.03132091044093,1.00049765644297,1.06309376485115,0.0463599183200796,1.03326518697946,0.985040613044748,1.08385068847429,0.179629887794027,MYL9
17,ENSG00000101412.12,28609,2.0352725178298,3.87215178905662e-19,1.58909662228033,2.48144841337928,98.0067804911249,1.07252255921978,E2F1,1.08305101369805,1.04006092178823,1.12781806690283,0.000113052375129439,1.09338876122293,0.998778723189053,1.19696080364171,0.0531746723511472,E2F1
18,ENSG00000103855.16,10340,0.871069412638367,2.32037924298739e-09,0.58526899954642,1.15686982573031,98.2458660162723,0.429256689523141,CD276,1.22194154221694,1.14821650754189,1.3004003363373,2.7390623163332e-10,1.22683065956465,1.13629796672954,1.32457639749176,1.72413200687059e-07,CD276
19,ENSG00000104067.15,21831,-0.38933208188022,1.83149555518571e-05,-0.567433757870576,-0.211230405889865,95.0572973631739,0.157655198605422,TJP1,1.01433838746768,0.946201469168715,1.08738191370012,0.68821804307193,1.02524260988275,0.899489184381759,1.16857704058071,0.70886051315925,TJP1
20,ENSG00000104695.11,29833,-0.526758268291162,1.70134433890125e-11,-0.680174191848201,-0.373342344734123,97.7375728364916,0.130284186517872,PPP2CB,0.95535932460662,0.882918574260187,1.03374361546034,0.256336832031025,0.932024929786184,0.817805259104682,1.06219721635679,0.291259884088649,PPP2CB
21,ENSG00000105397.12,809,0.438181400491423,4.41266664961074e-12,0.314133511828258,0.562229289154587,95.4081886832638,0.0804574832666645,TYK2,0.830691652479081,0.764778544383936,0.902285539475079,1.0941366291195e-05,0.822765999328656,0.675803456592972,1.00168752178934,0.0519957133971781,TYK2
22,ENSG00000105647.13,7862,0.694250283913238,7.35733001437731e-13,0.504542109632299,0.883958458194177,92.583353709777,0.178782470824428,PIK3R2,0.997794325219533,0.950476830726418,1.04746742188277,0.929018167227234,0.964490452255684,0.890728737110664,1.04436041382237,0.373096313250983,PIK3R2
23,ENSG00000105695.13,7841,-2.55463167571252,1.05381807226332e-06,-3.58037742191823,-1.5288859295068,95.3730202776766,5.33882307152352,MAG,1.00249733089907,0.992720664930913,1.01237028094876,0.617902390768721,1.002469849669,0.991835554901889,1.01321816356421,0.650298176277502,MAG
24,ENSG00000107186.15,27069,-1.14513348361211,4.52676951388636e-10,-1.50512264129915,-0.785144325925072,98.0650600077696,0.699591290038199,MPDZ,1.00062365362118,0.964820444565321,1.0377554723535,0.973246813904335,0.987963656690136,0.934760538885333,1.04419489948139,0.668101993203283,MPDZ
25,ENSG00000107562.15,27267,-2.22944160631427,8.76838559098802e-15,-2.79283160656119,-1.66605160606735,98.5778035108507,1.80971397947559,CXCL12,0.987453687524261,0.960359980886758,1.01531176268395,0.373758668999759,0.983246990531763,0.94592011753655,1.02204681607526,0.3922215660259,CXCL12
26,ENSG00000109339.17,23289,-1.42897459885003,7.99934528864553e-10,-1.88475422934979,-0.973194968350276,98.822055622668,1.15921259002368,MAPK10,0.970866077532316,0.945748751064438,0.996650473439286,0.0270466264826115,0.951706013427991,0.901024150037467,1.00523868972584,0.0762571842421923,MAPK10
27,ENSG00000111229.14,28666,0.374920665836856,6.19787070167426e-07,0.227510681457297,0.522330650216416,95.5525414940491,0.11303495432185,ARPC3,1.07733825211293,0.99744125696319,1.16363515281039,0.0581193018605969,1.08530824389259,0.929870983788791,1.26672840081732,0.29926008329712,ARPC3
28,ENSG00000111245.13,7805,-2.71063909082286,1.59292775292225e-05,-3.9417459380161,-1.47953224362962,94.4742588924455,7.55397859964767,MYL2,1.00952527083878,1.00084535169261,1.0182804673455,0.0314166031241848,1.00948956401096,0.996199848604948,1.02295656968239,0.162455106269353,MYL2
29,ENSG00000111331.11,13558,0.90441888831797,1.98341621735755e-08,0.588636060095484,1.22020171654046,96.8473782208167,0.537594903182647,OAS3,1.04710849588473,1.00760366106615,1.08816218570886,0.0189754588451203,1.05546297698645,0.989534004894553,1.12578455139377,0.10095097254858,OAS3
30,ENSG00000111640.13,10538,0.839693245687194,3.15766797359604e-11,0.59180010689488,1.08758638447951,97.8806756844196,0.332483668483594,GAPDH,1.17747371170979,1.11350861854625,1.24511325613063,9.88424570358928e-09,1.17941583264676,1.07982376732746,1.28819326670369,0.000246241704370445,GAPDH
31,ENSG00000112242.13,28870,0.691037046674437,1.65523938337246e-08,0.451091381390861,0.930982711958012,97.4917701692036,0.311805322260524,E2F3,1.12757848798473,1.0574100084062,1.20240326501384,0.00024942553807697,1.2300434089312,1.06399296820129,1.42200825858169,0.00513744342886226,E2F3
32,ENSG00000112276.12,11336,-1.19623998564777,2.34281889408318e-05,-1.75059035415701,-0.641889617138522,98.1960523380414,1.61677790033886,BVES,1.02729172383667,0.999972021978172,1.05535781268724,0.0502382829205067,1.02381394035873,0.99341363937498,1.05514454697073,0.125945653960317,BVES
33,ENSG00000114019.13,22793,-0.711957585240429,1.04444901198937e-06,-0.997722527615083,-0.426192642865775,96.9208827610775,0.434987635521234,AMOTL2,1.02988269757486,0.982495906933304,1.07955500198951,0.220506843716386,1.02136917971792,0.956513170189465,1.09062272615756,0.527592330335171,AMOTL2
34,ENSG00000115415.17,1029,0.551878713691734,9.53013702889533e-05,0.274689527442151,0.829067899941318,97.0834603382694,0.426157266420535,STAT1,1.02131242317659,0.979534149563084,1.06487258887309,0.322365151825013,1.03411559773171,0.956844827825224,1.11762643050766,0.397199530544847,STAT1
35,ENSG00000115594.10,18241,-0.880348911985701,1.10006385705007e-06,-1.23444484864814,-0.52625297532326,98.3207481354651,0.678788745498121,IL1R1,1.03257389142195,0.99371045442962,1.07295725479537,0.101499913965126,1.04645105671421,0.98429877101833,1.11252786891663,0.146116964496602,IL1R1
36,ENSG00000116473.13,10170,-0.612446938019173,1.53303071898599e-10,-0.799945268299902,-0.424948607738443,98.1627645936065,0.18696573214518,RAP1A,0.975922240103013,0.895289240934766,1.06381733989483,0.579625036431386,0.979062725059617,0.872607965851165,1.09850454856455,0.718635124712465,RAP1A
37,ENSG00000123374.9,5490,0.69480453247137,4.76124164357738e-05,0.359969088344963,1.02963997659778,99.3534499066806,0.638863337677171,CDK2,1.20576015305503,1.12175544990008,1.29605570164585,3.80885061860696e-07,1.25243800612114,1.06087570976499,1.4785907008128,0.00786742453057661,CDK2
38,ENSG00000123416.14,21045,0.453795837065847,9.1282556582607e-07,0.272634161694295,0.634957512437399,95.4594591803134,0.16573987717993,TUBA1B,1.20813439743641,1.13650731862791,1.28427569127419,1.33210334994186e-09,1.21068473533818,1.09209013422327,1.34215801649318,0.000278232138003468,TUBA1B
39,ENSG00000125414.17,5801,-2.80213373400846,2.12547915990954e-07,-3.86074316298005,-1.74352430503687,95.0428753217871,5.61158249447652,MYH2,1.01331361367394,1.00321380124624,1.02351510553522,0.00965986896455387,1.01289813305399,0.999809463707407,1.02615814831345,0.0534523296511305,MYH2
40,ENSG00000125755.17,10953,0.350774423281306,7.81399178802552e-27,0.28666815908245,0.414880687480162,82.458449933007,0.0166676266628589,SYMPK,1.03559919475135,0.949632726875601,1.12934786451408,0.428865038394799,1.00178973784768,0.883601423964123,1.13578662464636,0.97772796424862,SYMPK
41,ENSG00000126456.14,12311,0.477234169815426,1.83750027058524e-12,0.344488898543867,0.609979441086984,92.7778989576548,0.0852094036194313,IRF3,1.03138153773624,0.962179972888869,1.10556019284974,0.383221438717051,1.02507734703284,0.901888147284771,1.16509300023887,0.704571412000678,IRF3
42,ENSG00000127191.16,21317,0.77171763611438,1.02973010039149e-19,0.605244151948217,0.938191120280543,95.2996025374794,0.146682088799682,TRAF2,1.02210643074966,0.957080904246574,1.09154989002963,0.514421408386892,1.01303713645369,0.906138990834594,1.13254616589126,0.819913513603449,TRAF2
43,ENSG00000127955.14,2392,-0.856423768113296,1.16480812741074e-05,-1.23930056173749,-0.473546974489105,97.9637770299344,0.804665223100735,GNAI1,1.02829353230847,0.988959194413355,1.06919233327384,0.160897865549236,1.0291941351671,0.974290387589209,1.08719184891412,0.303579935825473,GNAI1
44,ENSG00000128594.6,29702,-0.902730981206969,6.1762533833616e-05,-1.34440143744309,-0.461060524970844,96.8108615078595,1.03416144108285,LRRC4,0.965147731524263,0.941972602395696,0.988893032873083,0.00422779581919573,0.96563583189925,0.926264555433569,1.00668060153861,0.0996690907309383,LRRC4
45,ENSG00000128849.10,15112,-1.90381910922707,3.8277547799967e-10,-2.4998069347563,-1.30783128369784,98.9758115704214,1.9968164075542,CGNL1,0.953601272451988,0.928011344476915,0.979896843108766,0.000618849119000821,0.944625157784737,0.892496914502764,0.999798065651549,0.0491904745523832,CGNL1
46,ENSG00000130429.11,5150,0.652739204858229,2.3269623179672e-05,0.350362111966755,0.955116297749702,97.8164076991126,0.516596393025895,ARPC1B,1.1129301270475,1.05491501507628,1.17413578344073,8.96019062874363e-05,1.12515454474813,1.02472427437487,1.23542769623534,0.0134377252888214,ARPC1B
47,ENSG00000132646.9,26461,0.977384328326895,3.25437642254523e-10,0.672644799153413,1.28212385750038,98.9263716579316,0.521116215706697,PCNA,1.07722156231727,1.01356243755899,1.14487894511553,0.0166922790241162,1.10018592311307,0.969162181953962,1.24892312964153,0.139996232199776,PCNA
48,ENSG00000132906.16,8445,-0.317336746965498,4.69090237669804e-06,-0.453192414389648,-0.181481079541348,94.9070524855448,0.0928905545227453,CASP9,0.951511239088454,0.883997958464001,1.02418068892917,0.185613499631348,0.945392603606721,0.799043788939517,1.1185459261757,0.512847318273024,CASP9
49,ENSG00000132970.11,19684,-1.52205760497533,1.15172409782764e-19,-1.85083401195993,-1.19328119799073,97.138449709849,0.569894179118097,WASF3,1.01507254465756,0.987164054283619,1.0437700465758,0.292924838609252,1.01240411333328,0.970403428915375,1.05622265766285,0.56850988147609,WASF3
50,ENSG00000133392.15,7252,-2.99708780241852,9.13921028711214e-10,-3.95633235845695,-2.0378432463801,98.8399972643709,5.05434653342086,MYH11,0.98956357828191,0.971104265707903,1.00837377616529,0.274834312327061,0.988587751500587,0.952006062947467,1.02657512431296,0.550760238861176,MYH11
51,ENSG00000134318.12,30196,-0.397567848773674,1.35213270631578e-05,-0.576637091899655,-0.218498605647693,96.0658929534369,0.16419288339473,ROCK2,1.03440135933037,0.963018772113465,1.11107509341309,0.353881239925559,1.06815845510362,0.959796781041038,1.18875423188211,0.227001038542664,ROCK2
52,ENSG00000135446.15,5147,0.658292207909198,6.78555972491194e-06,0.371594166007672,0.944990249810724,99.1088506573275,0.474956491490571,CDK4,1.09652347008022,1.04432490098794,1.15133108412844,0.000213237310847835,1.12922459397498,1.04379950613779,1.22164091488814,0.00246148329588916,CDK4
53,ENSG00000135828.10,29904,-0.35478603217518,2.67316796521188e-05,-0.520363232674375,-0.189208831675984,96.9935622675038,0.149509889376919,RNASEL,0.946250519151852,0.892324775334347,1.00343515023401,0.0649767485708181,0.937581036049592,0.856644583840113,1.02616442774813,0.161740138193706,RNASEL
54,ENSG00000136238.16,18326,0.243807521578898,8.12212908947589e-07,0.146927095759098,0.340687947398697,95.1459325346496,0.0482374498302532,RAC1,1.21165019431902,1.10994469853297,1.32267508041952,1.77184277945748e-05,1.20219320033948,1.06759663825725,1.35375893774051,0.00236840412455607,RAC1
55,ENSG00000136244.10,29922,-1.46757566147546,8.57744426091617e-06,-2.11392182311968,-0.821229499831233,90.9664291184444,1.92891874395152,IL6,1.04256906103488,1.02431736647475,1.06114597155367,3.72320244069299e-06,1.04061234288566,1.009285151126,1.07291189903852,0.0106927484794364,IL6
56,ENSG00000136869.13,21885,-0.898085560130207,4.00595747735986e-06,-1.27982216216989,-0.516348958090522,97.756224715842,0.803990436801192,TLR4,0.954881642497388,0.923489873341734,0.987340497713397,0.00679005760861407,0.953212872724139,0.901888848098377,1.00745760704638,0.0897245017111975,TLR4
57,ENSG00000136950.12,21391,0.353777022503565,2.64258214046308e-05,0.188773073329879,0.518780971677251,95.9758536241957,0.138202976148776,ARPC5L,1.11539722571563,1.03719244991199,1.19949867668212,0.00323419454174665,1.09580793480913,0.987977316876503,1.215407489098,0.0834328657757234,ARPC5L
58,ENSG00000137710.13,14448,-0.659208598601557,2.85358326479981e-05,-0.967947516394294,-0.35046968080882,98.1879669976493,0.516482397588786,RDX,1.06996363992975,1.01753200642048,1.12509698323794,0.00834125984478877,1.06612649748997,0.967683373191699,1.17458431149986,0.195185760645928,RDX
59,ENSG00000143761.12,7124,0.257365621471271,1.01672004748552e-06,0.154176441941443,0.360554801001099,96.1204339866865,0.0571333081292658,ARF1,1.11395971039616,1.01121882733106,1.22713917388293,0.0288203064769043,1.13801039067851,0.976136660736832,1.32672780501317,0.0986491226633989,ARF1
60,ENSG00000144668.10,22366,-1.37934061247225,3.70144233437187e-10,-1.81078079313198,-0.947900431812519,98.261289489419,0.998223376255722,ITGA9,0.956469590038704,0.923516827822579,0.990598166820365,0.0128448308856062,0.953579476654031,0.899889615755612,1.01047262061386,0.107920903953621,ITGA9
61,ENSG00000145675.13,21810,-0.75630248712932,1.92468165768347e-07,-1.04101093894419,-0.471594035314451,97.8078751456503,0.455519966742715,PIK3R1,0.902206453373852,0.862715398705911,0.943505222846844,6.59102773657843e-06,0.902371329595091,0.851099857105287,0.956731468907391,0.000577429643561547,PIK3R1
62,ENSG00000148948.6,22966,-1.65681583443996,7.5800832152734e-07,-2.31338244731706,-1.00024922156285,98.0518229746475,2.46076613451668,LRRC4C,1.03318470047341,1.01693660590867,1.04969239880838,5.42313281485723e-05,1.03516175529584,1.00346402779113,1.06786076027651,0.0294137172231016,LRRC4C
63,ENSG00000149294.15,24301,-2.3499103027014,4.48918627166945e-10,-3.08848375911396,-1.61133684628884,98.6166243174793,2.98428305376275,NCAM1,1.0250180352684,1.00448110300034,1.04597485157979,0.0167136829186728,1.00757561359502,0.970797576428246,1.04574696286998,0.690777002290623,NCAM1
64,ENSG00000150455.12,8141,-0.232915361195424,7.87728833825729e-05,-0.348541956704461,-0.117288765686388,94.5218694113051,0.0661605706578166,TIRAP,0.896774152612278,0.833766638157079,0.964543127524322,0.0033763876062257,0.885706039346369,0.76453021052349,1.02608788683116,0.105904188103072,TIRAP
65,ENSG00000150672.15,4244,-1.79921357859187,2.09674732378417e-11,-2.32560995353039,-1.27281720365335,98.7069840307583,1.59445673027749,DLG2,1.01007697403162,0.980475548435958,1.0405720928955,0.508810705173102,1.00369764133534,0.956455985595453,1.05327267578857,0.880728964149489,DLG2
66,ENSG00000151276.22,6098,-0.727441726411991,6.85305633639996e-07,-1.01457588874945,-0.440307564074532,98.107458593711,0.452980042634817,MAGI1,0.886686566460158,0.845009221628495,0.930419511429379,9.78126033835904e-07,0.872341066768038,0.806850805998601,0.943147024347543,0.000603619766252034,MAGI1
67,ENSG00000154229.10,23670,-0.703982114903943,6.34025109780208e-05,-1.04894634496996,-0.359017884837926,98.1426300712102,0.666206275439561,PRKCA,1.03608491158887,0.993511199762526,1.08048298225396,0.0977470015392819,1.03177320991747,0.973818181650394,1.09317732690021,0.288929296532104,PRKCA
68,ENSG00000154654.13,25385,-1.59575573848651,6.22023178259717e-08,-2.17362352506034,-1.01788795191268,98.1629044079147,1.85874750341372,NCAM2,1.02642292300283,1.00995502679904,1.04315933770317,0.0015758329990247,1.02681510430747,0.997834794077961,1.05663709533022,0.0700520743356253,NCAM2
69,ENSG00000154721.13,4650,-1.74512009752687,5.84561073255935e-08,-2.37578247287655,-1.11445772217719,99.2647450644394,2.23958329410798,JAM2,0.944201180017215,0.910898615138913,0.978721290744243,0.00172461506889507,0.932018232300509,0.874290729022225,0.993557356272142,0.0309206642800493,JAM2
70,ENSG00000158481.11,347,-1.25748756954354,1.47644580461984e-09,-1.66507224591361,-0.849902893173458,93.1486931699474,0.80572117533758,CD1C,0.938045215550061,0.922393512858822,0.953962505318529,9.34093833401287e-14,0.938992997184813,0.920777280588811,0.957569074899731,3.01752956463632e-10,CD1C
71,ENSG00000158488.14,13193,-0.879424366442189,5.25077103768639e-06,-1.25787120452047,-0.500977528363904,88.314571747096,0.612878569221277,CD1E,0.959811654196854,0.946702326476741,0.973102511494391,5.0399486278615e-09,0.957344091493777,0.937335823405026,0.977779453887381,5.22803765268355e-05,CD1E
72,ENSG00000159216.17,21091,0.95672303039459,6.36522576148624e-07,0.580172717276259,1.33327334351292,97.3378724302695,0.749614398209722,RUNX1,1.02621664066816,0.977083321794209,1.077820662879,0.30121882814308,0.995588032351471,0.891707242336791,1.11157057283057,0.937314337122539,RUNX1
73,ENSG00000162631.17,3644,-2.26498702313858,5.63054188299171e-06,-3.24284617046443,-1.28712787581272,98.2076404459857,5.27896533663879,NTNG1,1.02065612585086,1.00697065973267,1.03452758744078,0.00299227443324859,1.01837130836814,0.995355438262893,1.0419193805957,0.118565790367372,NTNG1
74,ENSG00000162706.11,23499,-2.50207554580193,1.39308788337698e-05,-3.63073765768893,-1.37341343391493,98.8863474005192,7.20081750617597,CADM3,1.00264119359623,0.988726745460455,1.01675146112073,0.71143189515161,0.999861267653768,0.97361524463597,1.02681481217767,0.991843547708723,CADM3
75,ENSG00000163531.14,1232,-1.60407198357798,5.05952313312766e-09,-2.14193586434702,-1.06620810280895,98.5243737315203,1.62374116063015,NFASC,0.997234972641029,0.9702066157537,1.02501629499382,0.843433997495346,1.00808990388057,0.953784396460259,1.06548739744274,0.775502252599962,NFASC
76,ENSG00000164305.16,6401,0.42607272102358,8.79522364931174e-05,0.213128781829858,0.639016660217302,98.276274193547,0.249989269847067,CASP3,1.00925849340303,0.933986337779933,1.0905970090819,0.815729920277266,0.999624807778551,0.863689951225833,1.15695424603247,0.995985099573336,CASP3
77,ENSG00000164342.11,9780,-0.961475026687979,2.06665251907184e-05,-1.40408864881093,-0.518861404565033,98.8342328806726,1.09658749878081,TLR3,0.950420770203224,0.920664763354667,0.981138495126388,0.00172880217678801,0.950201444306327,0.891038602834674,1.01329255757211,0.11938280489867,TLR3
78,ENSG00000164877.17,9360,0.743666093545751,6.03328378037712e-07,0.451578852317963,1.03575333477354,96.4952101602975,0.449236819415181,MICALL2,1.04250830591445,0.996768846493719,1.0903466452866,0.0689750559741377,1.03056661187482,0.93569315521396,1.13505964598864,0.541172992429547,MICALL2
79,ENSG00000166501.11,21716,-1.38393697052172,1.30618493539257e-06,-1.94450172171028,-0.823372219333164,98.0156476988546,1.69743981784595,PRKCB,0.934115141147804,0.908493295910204,0.960459588254162,1.56292696780304e-06,0.936327040068992,0.897492273481061,0.976842198946084,0.00233415490245443,PRKCB
80,ENSG00000167553.13,1194,0.872751990681448,2.26620235732119e-05,0.469022905890164,1.27648107547273,98.646115921789,0.910123338776384,TUBA1C,1.21004528499406,1.1423717796396,1.28172773332888,8.41183308516285e-11,1.18210302114832,1.06279697295788,1.3148019689207,0.00205645370075604,TUBA1C
81,ENSG00000169245.5,20971,1.47301836445767,6.40249953974954e-07,0.893131170475593,2.05290555843975,95.8388430887067,1.84052990363363,CXCL10,0.986154572178043,0.967044342723099,1.00564244809002,0.162588911998128,0.996810676564543,0.963537669869547,1.03123267100454,0.853683444719592,CXCL10
82,ENSG00000170345.8,19761,-1.83474934105362,8.71020101232819e-14,-2.31684943493642,-1.35264924717082,94.5362332705794,1.19616597586911,FOS,0.989096310289036,0.96188025690622,1.01708243204202,0.44121772974163,0.990658625527422,0.956970708272396,1.02553244717761,0.594944444215366,FOS
83,ENSG00000170581.12,8783,0.355185684710393,1.65184786605282e-05,0.19356819825304,0.516803171167746,97.1310174318998,0.145707732486538,STAT2,1.04152048673962,0.972375315966772,1.11558253946402,0.245762732248523,1.03934281902008,0.895630431433693,1.20611522067133,0.611294339921094,STAT2
84,ENSG00000171992.11,3041,-0.978694251031224,1.00417841422802e-06,-1.3708997121199,-0.58648878994255,98.0605206582739,0.836521817558291,SYNPO,1.03695663487084,0.994639354615115,1.08107431865969,0.087800397913235,1.03250008743997,0.964975201855469,1.1047500790836,0.354024752934952,SYNPO
85,ENSG00000172260.12,21798,-2.45134370856631,8.08409345302423e-11,-3.1906151535318,-1.71207226360082,98.4914512146857,3.05519143905695,NEGR1,1.00059885868791,0.979541548705205,1.02210883992718,0.956004427496068,1.0017498995256,0.965028519609782,1.03986860575409,0.926891400535664,NEGR1
86,ENSG00000174175.15,30645,-1.97420497790029,3.65105989070507e-13,-2.50659646779726,-1.44181348800331,97.9783735137599,1.56562147861939,SELP,0.950769277303033,0.932876087877837,0.969005670109649,1.90912067443669e-07,0.941424224177502,0.904991184549103,0.979323981271471,0.00272228662178431,SELP
87,ENSG00000174775.15,4095,0.55503601825548,1.19616477870169e-09,0.376135494746457,0.733936541764503,95.3399068779198,0.165209925112038,HRAS,1.01300030104271,0.958647306287168,1.07043497977057,0.64619866051105,1.00627229798585,0.933990846484289,1.08414760327177,0.869411126309675,HRAS
88,ENSG00000175104.13,4719,-0.297477441699758,4.48991162725849e-08,-0.404059010980625,-0.190895872418892,94.295841041375,0.0569849138115905,TRAF6,0.880232613733646,0.809997300004323,0.956558070349409,0.0026401908275741,0.888387194963111,0.75927910587284,1.03944886942089,0.13965591565959,TRAF6
89,ENSG00000176986.13,19996,-0.26822151691971,9.34542226610029e-05,-0.402776489340965,-0.133666544498456,92.2972706720992,0.0810766603925234,SEC24C,1.02793519722625,0.980587144906013,1.07756946966488,0.252141636016957,1.0354887357878,0.969566375266966,1.10589326248878,0.298765365707889,SEC24C
90,ENSG00000177606.6,18043,-0.815730790696309,1.55342148218785e-06,-1.14852093348231,-0.482940647910314,95.5750541163276,0.580448756363833,JUN,1.05361224098628,1.00744975801524,1.10188994093672,0.0223327776636028,1.05590417708466,0.986407297727772,1.13029742759723,0.117353886506799,JUN
91,ENSG00000179915.19,23301,-3.71187013917719,6.42622183716204e-12,-4.7708619360165,-2.65287834233788,98.5614807865078,6.48056831057358,NRXN1,1.01116188221894,0.998041764037657,1.02445447564854,0.0957531520057831,1.01179516136193,0.991138840999379,1.03288198000915,0.265184238506241,NRXN1
92,ENSG00000180900.15,8038,0.650278769653281,3.81719760142123e-11,0.457490686610302,0.843066852696261,96.5653063914522,0.207410943238133,SCRIB,1.08048774119688,1.02007891652807,1.14447396173059,0.0083589456697249,1.10087713337887,1.00768930279892,1.2026826715638,0.0331960091252677,SCRIB
93,ENSG00000183230.15,11332,-2.88957873322234,2.84313629095172e-09,-3.84295942263585,-1.93619804380883,98.5952751958135,5.1159472285086,CTNNA3,0.995640325623589,0.981802564482136,1.00967311949396,0.540630824507372,0.994183580748344,0.975020004518485,1.0137238083825,0.556929375816848,CTNNA3
94,ENSG00000184113.9,8250,-1.40021749918085,4.58802725765337e-06,-1.9990608091962,-0.801374189165498,98.5174814126444,2.0042535354335,CLDN5,0.993233391309291,0.963293046193213,1.0241043195633,0.663730753916324,0.98414135547492,0.935619837314745,1.03517921374533,0.535465066346156,CLDN5
95,ENSG00000184216.10,30258,0.720333001060382,5.61517263507926e-10,0.492650975921636,0.948015026199129,98.1132809092226,0.295289558468226,IRAK1,1.15653828190195,1.08561359733367,1.23209657726274,6.66851989496514e-06,1.17302282736749,1.07846713974884,1.27586877968824,0.000197933085495112,IRAK1
96,ENSG00000184557.4,14828,-0.820825512770697,7.18559943407629e-05,-1.2260562658608,-0.415594759680592,90.1662929437486,0.758392672897429,SOCS3,1.07388686764708,1.03680878661595,1.11229092518487,6.99993681794978e-05,1.07041672133875,1.00798295632118,1.13671759044753,0.0264675340413029,SOCS3
97,ENSG00000185507.18,20541,0.695600126397981,3.80903971887208e-06,0.40060072511508,0.990599527680882,96.7536102464765,0.479268824189726,IRF7,1.02706210123752,0.988102340287425,1.06755800162519,0.175945517062235,1.02980115957363,0.955908292406848,1.10940603474525,0.439530731923025,IRF7
98,ENSG00000186350.9,1219,-0.497076126382473,1.85107079549506e-05,-0.724591346122952,-0.269560906641994,97.9642358415501,0.28437078714272,RXRA,0.948721380837609,0.891790721269317,1.00928641327117,0.0954737837057435,0.942675424298134,0.848504372157982,1.04729802784117,0.271615493637318,RXRA
99,ENSG00000186951.15,687,-0.613093815636412,2.51745955627884e-05,-0.898300693880576,-0.327886937392248,98.1408672910282,0.45339742105824,PPARA,0.888509640743108,0.838117106383386,0.941932070925091,7.24540236306024e-05,0.874917674737325,0.806055779346232,0.949662488852355,0.00139918950062471,PPARA
100,ENSG00000196230.11,25179,0.583734449646835,3.68711871094359e-11,0.410808940832774,0.756659958460895,96.6325766187351,0.156227690259417,TUBB,1.17930970745953,1.09528455335882,1.26978088191175,1.22362443061442e-05,1.1982286603234,1.0140635582769,1.41584017165555,0.0336711889671738,TUBB
101,ENSG00000196338.11,457,-1.20088111517643,9.81930559638947e-07,-1.6816932299778,-0.720069000375051,98.1926225519606,1.28872848801616,NLGN3,1.0085797975656,0.975603266928952,1.04267097347835,0.614469341348342,1.0453483662619,0.977990009862558,1.11734598086537,0.191872756579441,NLGN3
102,ENSG00000196914.7,11938,-0.430379684817199,5.37294830097527e-12,-0.552712525927989,-0.308046843706409,91.9630426574402,0.0690697024935099,ARHGEF12,0.935630149102649,0.873866944507244,1.00175865606573,0.0561930588281358,0.937187506976823,0.832883017772256,1.05455436656964,0.281210879944535,ARHGEF12
103,ENSG00000198121.12,2839,-1.05056282563102,1.95802435503926e-07,-1.44628737769052,-0.654838273571514,97.9558176085512,0.820545131929627,LPAR1,1.00679835238608,0.977167776420447,1.03732741380451,0.656651690756937,0.996339934222487,0.949445459870668,1.04555059398746,0.88149788777869,LPAR1
104,ENSG00000213928.7,27749,0.487193081816485,7.16886403765839e-05,0.246705920332057,0.727680243300912,94.1273975371868,0.304269862742463,IRF9,0.976601455050357,0.936285349598051,1.0186535572899,0.271010104984763,0.97612998057281,0.903863801924097,1.05417402151158,0.538144374823587,IRF9
105,ENSG00000241685.7,29540,0.406994007090283,3.18511985319477e-10,0.280164378614977,0.533823635565589,96.6265439480744,0.0878664009258524,ARPC1A,1.14964997287504,1.06420112562541,1.24195984039658,0.000401572953184747,1.18612896595441,1.04473726869067,1.34665620346761,0.00839487689329467,ARPC1A
106,ENSG00000258947.5,3144,2.51025142757578,7.94581021858578e-15,1.87691939968396,3.1435834554676,94.6097941128762,2.1152226734867,TUBB3,1.08272200421095,1.05750980339183,1.10853529172271,3.80588934409615e-11,1.07963256860625,1.03996592790864,1.12081218424084,6.02509355612669e-05,TUBB3
